TimeStamp,User ID,Date Of Birth,city,country,Loyalty Card,Payment Card,PRM Type,Preferred means of transportation,Preferred carrier,Class,Seat,Refund Type,Travel Offer ID,Legs Number,Profile,Starting point,Destination,Via,Departure time,Arrival time,Services,Transfers,Transfer duration,Walking distance to stop,Walking speed,Cycling distance to stop,Cycling speed,Driving speed,Quick,Reliable,Cheap,Comfortable,Door-to-door,Environmentally friendly,Short,Multitasking,Social,Panoramic,Healthy,LegMode,LegCarrier,LegSeat,LegLength,Score
2021-05-02 03:32:39.597860,OLDUSER1,1965-08-08,Oxford,UK,['Grand Voyageur'],"['Paypal', 'Google Wallet', 'Mastercard', 'Visa', 'Apple Wallet']","['Pregnant woman', 'Persons with impairments in their members / users of temporary wheelchair']","['Metro', 'Airline', 'Bus', 'Cable Way', 'Park', 'Taxi', 'Coach', 'Toll', 'Urban', 'Ship', 'Car Sharing', 'Intercity', 'Tram']","[0.5, 0.0, 4.5, 0.0, 2.5, 5.0, 4.5, 0.0, 5.0, 1.5]",First Class,Aisle,Automatic refund,202105120304399,9,Business,Dublin,Milan,"['Berlin', 'Paris', 'Praha', 'Rome', 'Oxford', 'Dublin', 'Nice', 'Krumlov']",2022-10-20 21:49,2022-11-02 08:53,"['Local type', 'Water transport', 'Telecabin']",Max 2,At least 25 min,2500m,Slow,7000m,Fast,Fast,0.9023,0.1082,0.3457,0.3519,0.3418,0.5813,0.0094,0.7694,0.1137,0.282,0.5854,"['Bus', 'Urban', 'Metro', 'Coach', 'Park', 'Urban', 'Park', 'Urban', 'Coach']","['AirFrance', 'FlixBus', 'SNFC', 'VBB', 'Iberia', 'FlixBus', 'FlixBus', 'AirFrance', 'FlixBus']","['Aisle', 'Large', 'Window', 'Large', 'Aisle', 'Aisle', 'Aisle', 'Large', 'Large']","[72, 18, 37, 43, 27, 92, 24, 54, 27]",0.5903614457831325
2021-05-02 03:32:39.597860,OLDUSER1,1965-08-08,Oxford,UK,['Grand Voyageur'],"['Paypal', 'Google Wallet', 'Mastercard', 'Visa', 'Apple Wallet']","['Pregnant woman', 'Persons with impairments in their members / users of temporary wheelchair']","['Metro', 'Airline', 'Bus', 'Cable Way', 'Park', 'Taxi', 'Coach', 'Toll', 'Urban', 'Ship', 'Car Sharing', 'Intercity', 'Tram']","[0.5, 0.0, 4.5, 0.0, 2.5, 5.0, 4.5, 0.0, 5.0, 1.5]",First Class,Aisle,Automatic refund,2021051203043933,10,Business,Dublin,Milan,"['London', 'Nice', 'Frankfurt', 'Paris', 'Kraków', 'Lisbon', 'Bruxelle', 'Porto', 'Praha']",2022-10-20 21:49,2022-11-02 08:53,"['Local type', 'Water transport', 'Telecabin']",Max 4,At least 30 min,3500m,Slow,3000m,Fast,Fast,0.2008,0.0323,0.6618,0.2576,0.0482,0.1668,0.1257,0.5501,0.7487,0.2253,0.9929,"['Bike Sharing', 'Other', 'Trolely Bus', 'Tram', 'Ship', 'Tram', 'Ship', 'Bike Sharing', 'Intercity', 'Intercity']","['Iberia', 'KLM', 'Iberia', 'TMB', 'Iberia', 'RegioJet', 'RegioJet', 'FlixBus', 'FlixBus', 'Renfe']","['Large', 'Window', 'Window', 'Large', 'Aisle', 'Large', 'Aisle', 'Large', 'Window', 'Large']","[26, 28, 14, 33, 40, 54, 77, 95, 73, 41]",0.5783132530120482
2021-05-02 03:32:39.597860,OLDUSER1,1965-08-08,Oxford,UK,['Grand Voyageur'],"['Paypal', 'Google Wallet', 'Mastercard', 'Visa', 'Apple Wallet']","['Pregnant woman', 'Persons with impairments in their members / users of temporary wheelchair']","['Metro', 'Airline', 'Bus', 'Cable Way', 'Park', 'Taxi', 'Coach', 'Toll', 'Urban', 'Ship', 'Car Sharing', 'Intercity', 'Tram']","[0.5, 0.0, 4.5, 0.0, 2.5, 5.0, 4.5, 0.0, 5.0, 1.5]",First Class,Aisle,Automatic refund,2021051203043930,8,Business,Dublin,Milan,"['Kraków', 'Milan', 'Dublin', 'Frankfurt', 'Praha', 'Madrid', 'Rome']",2022-10-20 21:49,2022-11-02 08:53,"['Local type', 'Water transport', 'Telecabin']",Max 1,At least 25 min,1000m,Slow,10500m,Fast,Fast,0.8775,0.8545,0.9159,0.9045,0.584,0.4058,0.3842,0.9159999999999999,0.7444,0.5984,0.9698,"['Trolely Bus', 'Taxi', 'Other', 'Bus', 'Toll', 'Intercity', 'Coach', 'Bus']","['TMB', 'VBB', 'RegioJet', 'Trenitalia', 'TMB', 'SNFC', 'Trenitalia', 'FlixBus']","['Aisle', 'Large', 'Large', 'Window', 'Aisle', 'Large', 'Aisle', 'Aisle']","[68, 75, 12, 27, 81, 39, 44, 32]",0.5421686746987951
2021-05-02 03:32:39.597860,OLDUSER1,1965-08-08,Oxford,UK,['Grand Voyageur'],"['Paypal', 'Google Wallet', 'Mastercard', 'Visa', 'Apple Wallet']","['Pregnant woman', 'Persons with impairments in their members / users of temporary wheelchair']","['Metro', 'Airline', 'Bus', 'Cable Way', 'Park', 'Taxi', 'Coach', 'Toll', 'Urban', 'Ship', 'Car Sharing', 'Intercity', 'Tram']","[0.5, 0.0, 4.5, 0.0, 2.5, 5.0, 4.5, 0.0, 5.0, 1.5]",First Class,Aisle,Automatic refund,2021051203043934,7,Business,Dublin,Milan,"['Brugge', 'Nice', 'Crok', 'Madrid', 'Lisbon', 'Bruxelle']",2022-10-20 21:49,2022-11-02 08:53,"['Local type', 'Water transport', 'Telecabin']",Max 2,At least 35 min,3500m,Slow,3000m,Fast,Fast,0.7746,0.7634,0.9049,0.415,0.3766,0.7618,0.7291,0.0025,0.5615,0.4874,0.4423,"['Train', 'Bike Sharing', 'Trolely Bus', 'Cable Way', 'Taxi', 'Tram', 'Intercity']","['Renfe', 'SNFC', 'AirFrance', 'TMB', 'SNFC', 'VBB', 'FlixBus']","['Large', 'Large', 'Aisle', 'Aisle', 'Aisle', 'Large', 'Aisle']","[79, 38, 57, 49, 44, 18, 39]",0.5180722891566265
2021-05-02 03:32:39.597860,OLDUSER1,1965-08-08,Oxford,UK,['Grand Voyageur'],"['Paypal', 'Google Wallet', 'Mastercard', 'Visa', 'Apple Wallet']","['Pregnant woman', 'Persons with impairments in their members / users of temporary wheelchair']","['Metro', 'Airline', 'Bus', 'Cable Way', 'Park', 'Taxi', 'Coach', 'Toll', 'Urban', 'Ship', 'Car Sharing', 'Intercity', 'Tram']","[0.5, 0.0, 4.5, 0.0, 2.5, 5.0, 4.5, 0.0, 5.0, 1.5]",First Class,Aisle,Automatic refund,202105120304394,9,Business,Dublin,Milan,"['Porto', 'Barcelona', 'Nice', 'Krumlov', 'Oxford', 'Kraków', 'Frankfurt', 'Warsaw']",2022-10-20 21:49,2022-11-02 08:53,"['Local type', 'Water transport', 'Telecabin']",Max 1,At least 10 min,4000m,Slow,14000m,Fast,Fast,0.1445,0.24600000000000002,0.0973,0.9241,0.2013,0.4694,0.4641,0.37200000000000005,0.5339,0.7302,0.2168,"['Park', 'Trolely Bus', 'Toll', 'Cable Way', 'Park', 'Funicular', 'Urban', 'Cable Way', 'Car Sharing']","['SNFC', 'VBB', 'AirFrance', 'SNFC', 'Iberia', 'VBB', 'Iberia', 'RegioJet', 'SNFC']","['Large', 'Window', 'Window', 'Large', 'Window', 'Large', 'Aisle', 'Large', 'Aisle']","[57, 24, 39, 20, 56, 34, 71, 95, 17]",0.4939759036144578
2021-05-02 03:32:39.597860,OLDUSER1,1965-08-08,Oxford,UK,['Grand Voyageur'],"['Paypal', 'Google Wallet', 'Mastercard', 'Visa', 'Apple Wallet']","['Pregnant woman', 'Persons with impairments in their members / users of temporary wheelchair']","['Metro', 'Airline', 'Bus', 'Cable Way', 'Park', 'Taxi', 'Coach', 'Toll', 'Urban', 'Ship', 'Car Sharing', 'Intercity', 'Tram']","[0.5, 0.0, 4.5, 0.0, 2.5, 5.0, 4.5, 0.0, 5.0, 1.5]",First Class,Aisle,Automatic refund,2021051203043912,2,Business,Dublin,Milan,['Madrid'],2022-10-20 21:49,2022-11-02 08:53,"['Local type', 'Water transport', 'Telecabin']",None,At least 40 min,4000m,Slow,19500m,Fast,Fast,0.2958,0.0389,0.2565,0.595,0.5163,0.8847,0.0574,0.0462,0.3676,0.255,0.4439,"['Taxi', 'Ship']","['VBB', 'FlixBus']","['Aisle', 'Large']","[55, 61]",0.4939759036144578
2021-05-02 03:32:39.597860,OLDUSER1,1965-08-08,Oxford,UK,['Grand Voyageur'],"['Paypal', 'Google Wallet', 'Mastercard', 'Visa', 'Apple Wallet']","['Pregnant woman', 'Persons with impairments in their members / users of temporary wheelchair']","['Metro', 'Airline', 'Bus', 'Cable Way', 'Park', 'Taxi', 'Coach', 'Toll', 'Urban', 'Ship', 'Car Sharing', 'Intercity', 'Tram']","[0.5, 0.0, 4.5, 0.0, 2.5, 5.0, 4.5, 0.0, 5.0, 1.5]",First Class,Aisle,Automatic refund,2021051203043919,7,Business,Dublin,Milan,"['Warsaw', 'Frankfurt', 'Paris', 'Rome', 'Berlin', 'Brugge']",2022-10-20 21:49,2022-11-02 08:53,"['Local type', 'Water transport', 'Telecabin']",Max 4,At least 40 min,3500m,Slow,10000m,Fast,Fast,0.3719,0.1199,0.9092,0.5588,0.0522,0.4317,0.1323,0.7224,0.9152,0.9744,0.9543,"['Coach', 'Funicular', 'Taxi', 'Trolely Bus', 'Funicular', 'Airline', 'Taxi']","['VBB', 'FlixBus', 'Trenitalia', 'RegioJet', 'FlixBus', 'Iberia', 'TMB']","['Window', 'Aisle', 'Large', 'Aisle', 'Large', 'Aisle', 'Large']","[96, 39, 57, 36, 88, 29, 97]",0.4819277108433735
2021-05-02 03:32:39.597860,OLDUSER1,1965-08-08,Oxford,UK,['Grand Voyageur'],"['Paypal', 'Google Wallet', 'Mastercard', 'Visa', 'Apple Wallet']","['Pregnant woman', 'Persons with impairments in their members / users of temporary wheelchair']","['Metro', 'Airline', 'Bus', 'Cable Way', 'Park', 'Taxi', 'Coach', 'Toll', 'Urban', 'Ship', 'Car Sharing', 'Intercity', 'Tram']","[0.5, 0.0, 4.5, 0.0, 2.5, 5.0, 4.5, 0.0, 5.0, 1.5]",First Class,Aisle,Automatic refund,202105120304398,7,Business,Dublin,Milan,"['Praha', 'Milan', 'Frankfurt', 'Madrid', 'Oxford', 'London']",2022-10-20 21:49,2022-11-02 08:53,"['Local type', 'Water transport', 'Telecabin']",Max 4,At least 20 min,4000m,Slow,17000m,Fast,Fast,0.9614,0.7493,0.9811,0.5663,0.0787,0.7393,0.2715,0.49,0.0104,0.5669,0.6757,"['Train', 'Metro', 'Train', 'Coach', 'Trolely Bus', 'Other', 'Cable Way']","['FlixBus', 'KLM', 'Renfe', 'RegioJet', 'AirFrance', 'Renfe', 'KLM']","['Large', 'Window', 'Window', 'Window', 'Window', 'Window', 'Window']","[91, 92, 65, 19, 25, 75, 54]",0.4578313253012048
2021-05-02 03:32:39.597860,OLDUSER1,1965-08-08,Oxford,UK,['Grand Voyageur'],"['Paypal', 'Google Wallet', 'Mastercard', 'Visa', 'Apple Wallet']","['Pregnant woman', 'Persons with impairments in their members / users of temporary wheelchair']","['Metro', 'Airline', 'Bus', 'Cable Way', 'Park', 'Taxi', 'Coach', 'Toll', 'Urban', 'Ship', 'Car Sharing', 'Intercity', 'Tram']","[0.5, 0.0, 4.5, 0.0, 2.5, 5.0, 4.5, 0.0, 5.0, 1.5]",First Class,Aisle,Automatic refund,2021051203043929,5,Business,Dublin,Milan,"['Warsaw', 'Nice', 'Dublin', 'Krumlov']",2022-10-20 21:49,2022-11-02 08:53,"['Local type', 'Water transport', 'Telecabin']",Unlimited,normal,3000m,Slow,9000m,Fast,Fast,0.0644,0.6433,0.6019,0.6721,0.0017,0.5482,0.8879,0.5096,0.4771,0.8951,0.5881,"['Car Sharing', 'Train', 'Metro', 'Taxi', 'Cable Way']","['KLM', 'VBB', 'TMB', 'RegioJet', 'SNFC']","['Window', 'Aisle', 'Window', 'Window', 'Window']","[11, 81, 59, 89, 84]",0.4457831325301205
2021-05-02 03:32:39.597860,OLDUSER1,1965-08-08,Oxford,UK,['Grand Voyageur'],"['Paypal', 'Google Wallet', 'Mastercard', 'Visa', 'Apple Wallet']","['Pregnant woman', 'Persons with impairments in their members / users of temporary wheelchair']","['Metro', 'Airline', 'Bus', 'Cable Way', 'Park', 'Taxi', 'Coach', 'Toll', 'Urban', 'Ship', 'Car Sharing', 'Intercity', 'Tram']","[0.5, 0.0, 4.5, 0.0, 2.5, 5.0, 4.5, 0.0, 5.0, 1.5]",First Class,Aisle,Automatic refund,2021051203043924,3,Business,Dublin,Milan,"['Porto', 'Brugge']",2022-10-20 21:49,2022-11-02 08:53,"['Local type', 'Water transport', 'Telecabin']",Unlimited,At least 40 min,2000m,Slow,5500m,Fast,Fast,0.531,0.6421,0.7279,0.9066,0.3293,0.441,0.5749,0.9606,0.8306,0.8116,0.3193,"['Urban', 'Coach', 'Bus']","['Renfe', 'AirFrance', 'AirFrance']","['Window', 'Large', 'Large']","[56, 76, 79]",0.4457831325301205
2021-05-02 03:32:39.597860,OLDUSER1,1965-08-08,Oxford,UK,['Grand Voyageur'],"['Paypal', 'Google Wallet', 'Mastercard', 'Visa', 'Apple Wallet']","['Pregnant woman', 'Persons with impairments in their members / users of temporary wheelchair']","['Metro', 'Airline', 'Bus', 'Cable Way', 'Park', 'Taxi', 'Coach', 'Toll', 'Urban', 'Ship', 'Car Sharing', 'Intercity', 'Tram']","[0.5, 0.0, 4.5, 0.0, 2.5, 5.0, 4.5, 0.0, 5.0, 1.5]",First Class,Aisle,Automatic refund,2021051203043917,1,Business,Dublin,Milan,[],2022-10-20 21:49,2022-11-02 08:53,"['Local type', 'Water transport', 'Telecabin']",Max 3,At least 20 min,4000m,Slow,16500m,Fast,Fast,0.3496,0.5949,0.727,0.7075,0.5049,0.9243,0.7872,0.0625,0.5191,0.9065,0.9855,['Airline'],['SNFC'],['Large'],[41],0.4457831325301205
2021-05-02 03:32:39.597860,OLDUSER1,1965-08-08,Oxford,UK,['Grand Voyageur'],"['Paypal', 'Google Wallet', 'Mastercard', 'Visa', 'Apple Wallet']","['Pregnant woman', 'Persons with impairments in their members / users of temporary wheelchair']","['Metro', 'Airline', 'Bus', 'Cable Way', 'Park', 'Taxi', 'Coach', 'Toll', 'Urban', 'Ship', 'Car Sharing', 'Intercity', 'Tram']","[0.5, 0.0, 4.5, 0.0, 2.5, 5.0, 4.5, 0.0, 5.0, 1.5]",First Class,Aisle,Automatic refund,202105120304397,7,Business,Dublin,Milan,"['Milan', 'Praha', 'Porto', 'Berlin', 'Barcelona', 'Lisbon']",2022-10-20 21:49,2022-11-02 08:53,"['Local type', 'Water transport', 'Telecabin']",Max 3,normal,3000m,Slow,12000m,Fast,Fast,0.6364,0.4968,0.6721,0.9623,0.1833,0.8238,0.1341,0.6421,0.3607,0.2674,0.353,"['Cable Way', 'Train', 'Trolely Bus', 'Toll', 'Metro', 'Train', 'Trolely Bus']","['TMB', 'Renfe', 'TMB', 'VBB', 'Iberia', 'RegioJet', 'Trenitalia']","['Large', 'Aisle', 'Large', 'Aisle', 'Aisle', 'Aisle', 'Window']","[29, 88, 10, 60, 13, 81, 81]",0.43373493975903615
2021-05-02 03:32:39.597860,OLDUSER1,1965-08-08,Oxford,UK,['Grand Voyageur'],"['Paypal', 'Google Wallet', 'Mastercard', 'Visa', 'Apple Wallet']","['Pregnant woman', 'Persons with impairments in their members / users of temporary wheelchair']","['Metro', 'Airline', 'Bus', 'Cable Way', 'Park', 'Taxi', 'Coach', 'Toll', 'Urban', 'Ship', 'Car Sharing', 'Intercity', 'Tram']","[0.5, 0.0, 4.5, 0.0, 2.5, 5.0, 4.5, 0.0, 5.0, 1.5]",First Class,Aisle,Automatic refund,202105120304395,7,Business,Dublin,Milan,"['London', 'Bruxelle', 'Crok', 'Nice', 'Milan', 'Praha']",2022-10-20 21:49,2022-11-02 08:53,"['Local type', 'Water transport', 'Telecabin']",None,At least 40 min,1500m,Slow,17000m,Fast,Fast,0.7031,0.2337,0.6496,0.9476,0.6919,0.8109,0.1451,0.7218,0.2232,0.6837,0.9301,"['Bus', 'Airline', 'Car Sharing', 'Tram', 'Coach', 'Tram', 'Car Sharing']","['AirFrance', 'KLM', 'Trenitalia', 'Trenitalia', 'VBB', 'Renfe', 'Renfe']","['Window', 'Aisle', 'Window', 'Window', 'Aisle', 'Aisle', 'Window']","[12, 48, 77, 53, 66, 82, 93]",0.43373493975903615
2021-05-02 03:32:39.597860,OLDUSER1,1965-08-08,Oxford,UK,['Grand Voyageur'],"['Paypal', 'Google Wallet', 'Mastercard', 'Visa', 'Apple Wallet']","['Pregnant woman', 'Persons with impairments in their members / users of temporary wheelchair']","['Metro', 'Airline', 'Bus', 'Cable Way', 'Park', 'Taxi', 'Coach', 'Toll', 'Urban', 'Ship', 'Car Sharing', 'Intercity', 'Tram']","[0.5, 0.0, 4.5, 0.0, 2.5, 5.0, 4.5, 0.0, 5.0, 1.5]",First Class,Aisle,Automatic refund,2021051203043921,9,Business,Dublin,Milan,"['Paris', 'Porto', 'Frankfurt', 'London', 'Warsaw', 'Rome', 'Madrid', 'Praha']",2022-10-20 21:49,2022-11-02 08:53,"['Local type', 'Water transport', 'Telecabin']",Max 2,normal,3000m,Slow,9000m,Fast,Fast,0.8962,0.9895,0.1073,0.1499,0.402,0.4863,0.3161,0.6642,0.6451,0.3384,0.4043,"['Park', 'Trolely Bus', 'Funicular', 'Bike Sharing', 'Trolely Bus', 'Bike Sharing', 'Bus', 'Funicular', 'Bus']","['FlixBus', 'KLM', 'TMB', 'VBB', 'RegioJet', 'FlixBus', 'KLM', 'Iberia', 'Trenitalia']","['Aisle', 'Aisle', 'Window', 'Window', 'Aisle', 'Aisle', 'Large', 'Large', 'Aisle']","[81, 38, 87, 75, 83, 92, 95, 82, 95]",0.42168674698795183
2021-05-02 03:32:39.597860,OLDUSER1,1965-08-08,Oxford,UK,['Grand Voyageur'],"['Paypal', 'Google Wallet', 'Mastercard', 'Visa', 'Apple Wallet']","['Pregnant woman', 'Persons with impairments in their members / users of temporary wheelchair']","['Metro', 'Airline', 'Bus', 'Cable Way', 'Park', 'Taxi', 'Coach', 'Toll', 'Urban', 'Ship', 'Car Sharing', 'Intercity', 'Tram']","[0.5, 0.0, 4.5, 0.0, 2.5, 5.0, 4.5, 0.0, 5.0, 1.5]",First Class,Aisle,Automatic refund,202105120304393,7,Business,Dublin,Milan,"['Lisbon', 'Krumlov', 'Paris', 'Barcelona', 'Praha', 'Crok']",2022-10-20 21:49,2022-11-02 08:53,"['Local type', 'Water transport', 'Telecabin']",None,At least 15 min,3500m,Slow,10500m,Fast,Fast,0.2999,0.4296,0.3856,0.2469,0.0043,0.5495,0.993,0.9496,0.7326,0.4883,0.1622,"['Car Sharing', 'Taxi', 'Ship', 'Metro', 'Metro', 'Park', 'Airline']","['VBB', 'AirFrance', 'SNFC', 'AirFrance', 'Iberia', 'AirFrance', 'TMB']","['Aisle', 'Window', 'Window', 'Large', 'Large', 'Large', 'Window']","[43, 90, 49, 69, 27, 69, 29]",0.42168674698795183
2021-05-02 03:32:39.597860,OLDUSER1,1965-08-08,Oxford,UK,['Grand Voyageur'],"['Paypal', 'Google Wallet', 'Mastercard', 'Visa', 'Apple Wallet']","['Pregnant woman', 'Persons with impairments in their members / users of temporary wheelchair']","['Metro', 'Airline', 'Bus', 'Cable Way', 'Park', 'Taxi', 'Coach', 'Toll', 'Urban', 'Ship', 'Car Sharing', 'Intercity', 'Tram']","[0.5, 0.0, 4.5, 0.0, 2.5, 5.0, 4.5, 0.0, 5.0, 1.5]",First Class,Aisle,Automatic refund,2021051203043922,1,Business,Dublin,Milan,[],2022-10-20 21:49,2022-11-02 08:53,"['Local type', 'Water transport', 'Telecabin']",Max 2,At least 25 min,2500m,Slow,9000m,Fast,Fast,0.946,0.5301,0.4072,0.3826,0.1736,0.1428,0.3891,0.2105,0.987,0.8793,0.4262,['Airline'],['SNFC'],['Large'],[44],0.42168674698795183
2021-05-02 03:32:39.597860,OLDUSER1,1965-08-08,Oxford,UK,['Grand Voyageur'],"['Paypal', 'Google Wallet', 'Mastercard', 'Visa', 'Apple Wallet']","['Pregnant woman', 'Persons with impairments in their members / users of temporary wheelchair']","['Metro', 'Airline', 'Bus', 'Cable Way', 'Park', 'Taxi', 'Coach', 'Toll', 'Urban', 'Ship', 'Car Sharing', 'Intercity', 'Tram']","[0.5, 0.0, 4.5, 0.0, 2.5, 5.0, 4.5, 0.0, 5.0, 1.5]",First Class,Aisle,Automatic refund,2021051203043931,10,Business,Dublin,Milan,"['Crok', 'Barcelona', 'Krumlov', 'Porto', 'Paris', 'Dublin', 'Milan', 'Rome', 'Bruxelle']",2022-10-20 21:49,2022-11-02 08:53,"['Local type', 'Water transport', 'Telecabin']",None,At least 35 min,1000m,Slow,18500m,Fast,Fast,0.9183,0.6243,0.0703,0.9683,0.2465,0.7393,0.7212,0.442,0.8704,0.379,0.7064,"['Metro', 'Urban', 'Metro', 'Bike Sharing', 'Coach', 'Metro', 'Bike Sharing', 'Toll', 'Ship', 'Bike Sharing']","['AirFrance', 'TMB', 'VBB', 'KLM', 'SNFC', 'AirFrance', 'FlixBus', 'FlixBus', 'Renfe', 'SNFC']","['Window', 'Large', 'Window', 'Large', 'Large', 'Window', 'Window', 'Window', 'Large', 'Aisle']","[99, 21, 85, 29, 48, 23, 84, 22, 22, 69]",0.42168674698795183
2021-05-02 03:32:39.597860,OLDUSER1,1965-08-08,Oxford,UK,['Grand Voyageur'],"['Paypal', 'Google Wallet', 'Mastercard', 'Visa', 'Apple Wallet']","['Pregnant woman', 'Persons with impairments in their members / users of temporary wheelchair']","['Metro', 'Airline', 'Bus', 'Cable Way', 'Park', 'Taxi', 'Coach', 'Toll', 'Urban', 'Ship', 'Car Sharing', 'Intercity', 'Tram']","[0.5, 0.0, 4.5, 0.0, 2.5, 5.0, 4.5, 0.0, 5.0, 1.5]",First Class,Aisle,Automatic refund,202105120304390,10,Business,Dublin,Milan,"['Frankfurt', 'Nice', 'Oxford', 'Bruxelle', 'Dublin', 'Madrid', 'Brugge', 'Krumlov', 'Kraków']",2022-10-20 21:49,2022-11-02 08:53,"['Local type', 'Water transport', 'Telecabin']",Max 3,At least 25 min,4500m,Slow,7500m,Fast,Fast,0.4384,0.9591,0.9520000000000001,0.0834,0.2838,0.9235,0.2284,0.8113,0.7664,0.3944,0.5088,"['Cable Way', 'Trolely Bus', 'Intercity', 'Metro', 'Tram', 'Toll', 'Car Sharing', 'Toll', 'Park', 'Trolely Bus']","['Renfe', 'Renfe', 'FlixBus', 'FlixBus', 'VBB', 'KLM', 'SNFC', 'Trenitalia', 'VBB', 'RegioJet']","['Aisle', 'Large', 'Aisle', 'Window', 'Window', 'Window', 'Window', 'Window', 'Window', 'Aisle']","[100, 31, 59, 89, 68, 10, 50, 80, 40, 77]",0.40963855421686746
2021-05-02 03:32:39.597860,OLDUSER1,1965-08-08,Oxford,UK,['Grand Voyageur'],"['Paypal', 'Google Wallet', 'Mastercard', 'Visa', 'Apple Wallet']","['Pregnant woman', 'Persons with impairments in their members / users of temporary wheelchair']","['Metro', 'Airline', 'Bus', 'Cable Way', 'Park', 'Taxi', 'Coach', 'Toll', 'Urban', 'Ship', 'Car Sharing', 'Intercity', 'Tram']","[0.5, 0.0, 4.5, 0.0, 2.5, 5.0, 4.5, 0.0, 5.0, 1.5]",First Class,Aisle,Automatic refund,2021051203043926,1,Business,Dublin,Milan,[],2022-10-20 21:49,2022-11-02 08:53,"['Local type', 'Water transport', 'Telecabin']",Max 1,At least 30 min,1500m,Slow,12000m,Fast,Fast,0.8918,0.4418,0.7831,0.9115,0.4727,0.1149,0.1437,0.7361,0.7645,0.899,0.6505,['Urban'],['Trenitalia'],['Window'],[83],0.40963855421686746
2021-05-02 03:32:39.597860,OLDUSER1,1965-08-08,Oxford,UK,['Grand Voyageur'],"['Paypal', 'Google Wallet', 'Mastercard', 'Visa', 'Apple Wallet']","['Pregnant woman', 'Persons with impairments in their members / users of temporary wheelchair']","['Metro', 'Airline', 'Bus', 'Cable Way', 'Park', 'Taxi', 'Coach', 'Toll', 'Urban', 'Ship', 'Car Sharing', 'Intercity', 'Tram']","[0.5, 0.0, 4.5, 0.0, 2.5, 5.0, 4.5, 0.0, 5.0, 1.5]",First Class,Aisle,Automatic refund,2021051203043927,6,Business,Dublin,Milan,"['Porto', 'Dublin', 'Krumlov', 'Brugge', 'Kraków']",2022-10-20 21:49,2022-11-02 08:53,"['Local type', 'Water transport', 'Telecabin']",Max 2,At least 15 min,1000m,Slow,14000m,Fast,Fast,0.6656,0.3397,0.4225,0.1194,0.8766,0.9109,0.4812,0.5658,0.2406,0.4421,0.0848,"['Cable Way', 'Tram', 'Intercity', 'Airline', 'Train', 'Trolely Bus']","['TMB', 'AirFrance', 'Renfe', 'RegioJet', 'Iberia', 'Renfe']","['Aisle', 'Aisle', 'Large', 'Large', 'Large', 'Window']","[97, 25, 39, 40, 40, 40]",0.40963855421686746
2021-05-02 03:32:39.597860,OLDUSER1,1965-08-08,Oxford,UK,['Grand Voyageur'],"['Paypal', 'Google Wallet', 'Mastercard', 'Visa', 'Apple Wallet']","['Pregnant woman', 'Persons with impairments in their members / users of temporary wheelchair']","['Metro', 'Airline', 'Bus', 'Cable Way', 'Park', 'Taxi', 'Coach', 'Toll', 'Urban', 'Ship', 'Car Sharing', 'Intercity', 'Tram']","[0.5, 0.0, 4.5, 0.0, 2.5, 5.0, 4.5, 0.0, 5.0, 1.5]",First Class,Aisle,Automatic refund,2021051203043920,5,Business,Dublin,Milan,"['Krumlov', 'Kraków', 'Porto', 'Nice']",2022-10-20 21:49,2022-11-02 08:53,"['Local type', 'Water transport', 'Telecabin']",Max 2,At least 10 min,2500m,Slow,9500m,Fast,Fast,0.4236,0.1784,0.4872,0.0406,0.8408,0.2989,0.0642,0.20199999999999999,0.4321,0.3226,0.7806,"['Taxi', 'Coach', 'Intercity', 'Taxi', 'Cable Way']","['KLM', 'TMB', 'VBB', 'FlixBus', 'AirFrance']","['Aisle', 'Large', 'Aisle', 'Window', 'Large']","[18, 61, 30, 14, 33]",0.40963855421686746
2021-05-02 03:32:39.597860,OLDUSER1,1965-08-08,Oxford,UK,['Grand Voyageur'],"['Paypal', 'Google Wallet', 'Mastercard', 'Visa', 'Apple Wallet']","['Pregnant woman', 'Persons with impairments in their members / users of temporary wheelchair']","['Metro', 'Airline', 'Bus', 'Cable Way', 'Park', 'Taxi', 'Coach', 'Toll', 'Urban', 'Ship', 'Car Sharing', 'Intercity', 'Tram']","[0.5, 0.0, 4.5, 0.0, 2.5, 5.0, 4.5, 0.0, 5.0, 1.5]",First Class,Aisle,Automatic refund,2021051203043918,9,Business,Dublin,Milan,"['Bruxelle', 'Rome', 'Porto', 'Oxford', 'Krumlov', 'Dublin', 'Nice', 'Kraków']",2022-10-20 21:49,2022-11-02 08:53,"['Local type', 'Water transport', 'Telecabin']",None,normal,4000m,Slow,9500m,Fast,Fast,0.6154,0.1856,0.2844,0.4946,0.6877,0.0611,0.08900000000000001,0.6936,0.5406,0.1771,0.996,"['Airline', 'Trolely Bus', 'Taxi', 'Ship', 'Trolely Bus', 'Coach', 'Tram', 'Urban', 'Other']","['SNFC', 'Renfe', 'VBB', 'FlixBus', 'SNFC', 'KLM', 'Trenitalia', 'AirFrance', 'KLM']","['Window', 'Window', 'Window', 'Large', 'Large', 'Aisle', 'Window', 'Aisle', 'Window']","[57, 31, 43, 47, 23, 55, 62, 93, 46]",0.39759036144578314
2021-05-02 03:32:39.597860,OLDUSER1,1965-08-08,Oxford,UK,['Grand Voyageur'],"['Paypal', 'Google Wallet', 'Mastercard', 'Visa', 'Apple Wallet']","['Pregnant woman', 'Persons with impairments in their members / users of temporary wheelchair']","['Metro', 'Airline', 'Bus', 'Cable Way', 'Park', 'Taxi', 'Coach', 'Toll', 'Urban', 'Ship', 'Car Sharing', 'Intercity', 'Tram']","[0.5, 0.0, 4.5, 0.0, 2.5, 5.0, 4.5, 0.0, 5.0, 1.5]",First Class,Aisle,Automatic refund,2021051203043913,2,Business,Dublin,Milan,['Porto'],2022-10-20 21:49,2022-11-02 08:53,"['Local type', 'Water transport', 'Telecabin']",Max 4,At least 25 min,2000m,Slow,13000m,Fast,Fast,0.0206,0.2912,0.9631,0.4621,0.5369,0.3432,0.6333,0.519,0.3689,0.924,0.6812,"['Funicular', 'Park']","['Iberia', 'Renfe']","['Large', 'Aisle']","[49, 24]",0.39759036144578314
2021-05-02 03:32:39.597860,OLDUSER1,1965-08-08,Oxford,UK,['Grand Voyageur'],"['Paypal', 'Google Wallet', 'Mastercard', 'Visa', 'Apple Wallet']","['Pregnant woman', 'Persons with impairments in their members / users of temporary wheelchair']","['Metro', 'Airline', 'Bus', 'Cable Way', 'Park', 'Taxi', 'Coach', 'Toll', 'Urban', 'Ship', 'Car Sharing', 'Intercity', 'Tram']","[0.5, 0.0, 4.5, 0.0, 2.5, 5.0, 4.5, 0.0, 5.0, 1.5]",First Class,Aisle,Automatic refund,2021051203043916,4,Business,Dublin,Milan,"['Porto', 'Paris', 'Kraków']",2022-10-20 21:49,2022-11-02 08:53,"['Local type', 'Water transport', 'Telecabin']",None,At least 25 min,4500m,Slow,2500m,Fast,Fast,0.0268,0.5769,0.2473,0.6349,0.24,0.6013,0.2586,0.4708,0.2874,0.0553,0.706,"['Cable Way', 'Tram', 'Bike Sharing', 'Taxi']","['VBB', 'SNFC', 'Trenitalia', 'Renfe']","['Aisle', 'Aisle', 'Window', 'Aisle']","[29, 16, 33, 47]",0.3855421686746988
2021-05-02 03:32:39.597860,OLDUSER1,1965-08-08,Oxford,UK,['Grand Voyageur'],"['Paypal', 'Google Wallet', 'Mastercard', 'Visa', 'Apple Wallet']","['Pregnant woman', 'Persons with impairments in their members / users of temporary wheelchair']","['Metro', 'Airline', 'Bus', 'Cable Way', 'Park', 'Taxi', 'Coach', 'Toll', 'Urban', 'Ship', 'Car Sharing', 'Intercity', 'Tram']","[0.5, 0.0, 4.5, 0.0, 2.5, 5.0, 4.5, 0.0, 5.0, 1.5]",First Class,Aisle,Automatic refund,2021051203043932,5,Business,Dublin,Milan,"['Milan', 'Madrid', 'Kraków', 'Warsaw']",2022-10-20 21:49,2022-11-02 08:53,"['Local type', 'Water transport', 'Telecabin']",Max 4,At least 15 min,4000m,Slow,8000m,Fast,Fast,0.9702,0.8639,0.3152,0.6849,0.6362,0.7321,0.3334,0.5907,0.6078,0.584,0.8013,"['Park', 'Ship', 'Park', 'Train', 'Intercity']","['Renfe', 'KLM', 'Renfe', 'FlixBus', 'Trenitalia']","['Window', 'Large', 'Window', 'Large', 'Large']","[32, 95, 70, 88, 14]",0.37349397590361444
2021-05-02 03:32:39.597860,OLDUSER1,1965-08-08,Oxford,UK,['Grand Voyageur'],"['Paypal', 'Google Wallet', 'Mastercard', 'Visa', 'Apple Wallet']","['Pregnant woman', 'Persons with impairments in their members / users of temporary wheelchair']","['Metro', 'Airline', 'Bus', 'Cable Way', 'Park', 'Taxi', 'Coach', 'Toll', 'Urban', 'Ship', 'Car Sharing', 'Intercity', 'Tram']","[0.5, 0.0, 4.5, 0.0, 2.5, 5.0, 4.5, 0.0, 5.0, 1.5]",First Class,Aisle,Automatic refund,202105120304391,9,Business,Dublin,Milan,"['Porto', 'Praha', 'Bruxelle', 'Lisbon', 'Krumlov', 'Crok', 'Madrid', 'Nice']",2022-10-20 21:49,2022-11-02 08:53,"['Local type', 'Water transport', 'Telecabin']",Max 1,At least 30 min,2500m,Slow,19000m,Fast,Fast,0.1354,0.8402,0.0138,0.1365,0.7168,0.3844,0.9145,0.2474,0.5666,0.4201,0.7804,"['Ship', 'Coach', 'Park', 'Ship', 'Park', 'Bus', 'Train', 'Cable Way', 'Toll']","['KLM', 'TMB', 'Trenitalia', 'Renfe', 'Trenitalia', 'Trenitalia', 'KLM', 'TMB', 'VBB']","['Window', 'Aisle', 'Window', 'Aisle', 'Large', 'Large', 'Window', 'Large', 'Large']","[18, 75, 92, 56, 100, 75, 91, 69, 26]",0.3614457831325301
2021-05-02 03:32:39.597860,OLDUSER1,1965-08-08,Oxford,UK,['Grand Voyageur'],"['Paypal', 'Google Wallet', 'Mastercard', 'Visa', 'Apple Wallet']","['Pregnant woman', 'Persons with impairments in their members / users of temporary wheelchair']","['Metro', 'Airline', 'Bus', 'Cable Way', 'Park', 'Taxi', 'Coach', 'Toll', 'Urban', 'Ship', 'Car Sharing', 'Intercity', 'Tram']","[0.5, 0.0, 4.5, 0.0, 2.5, 5.0, 4.5, 0.0, 5.0, 1.5]",First Class,Aisle,Automatic refund,2021051203043925,3,Business,Dublin,Milan,"['Dublin', 'Nice']",2022-10-20 21:49,2022-11-02 08:53,"['Local type', 'Water transport', 'Telecabin']",Max 4,At least 45 min,1500m,Slow,4500m,Fast,Fast,0.3062,0.4729,0.3,0.9229999999999999,0.5301,0.4144,0.2419,0.067,0.2631,0.4896,0.2587,"['Other', 'Other', 'Coach']","['VBB', 'AirFrance', 'TMB']","['Aisle', 'Aisle', 'Aisle']","[47, 77, 98]",0.3614457831325301
2021-05-02 03:32:39.597860,OLDUSER1,1965-08-08,Oxford,UK,['Grand Voyageur'],"['Paypal', 'Google Wallet', 'Mastercard', 'Visa', 'Apple Wallet']","['Pregnant woman', 'Persons with impairments in their members / users of temporary wheelchair']","['Metro', 'Airline', 'Bus', 'Cable Way', 'Park', 'Taxi', 'Coach', 'Toll', 'Urban', 'Ship', 'Car Sharing', 'Intercity', 'Tram']","[0.5, 0.0, 4.5, 0.0, 2.5, 5.0, 4.5, 0.0, 5.0, 1.5]",First Class,Aisle,Automatic refund,2021051203043914,6,Business,Dublin,Milan,"['Crok', 'Berlin', 'Rome', 'Barcelona', 'Bruxelle']",2022-10-20 21:49,2022-11-02 08:53,"['Local type', 'Water transport', 'Telecabin']",Max 2,At least 10 min,2000m,Slow,15500m,Fast,Fast,0.2596,0.6945,0.3239,0.5618,0.7642,0.8344,0.8634,0.1164,0.201,0.4817,0.8851,"['Urban', 'Bus', 'Car Sharing', 'Funicular', 'Taxi', 'Train']","['SNFC', 'KLM', 'Iberia', 'Iberia', 'AirFrance', 'AirFrance']","['Window', 'Aisle', 'Window', 'Aisle', 'Large', 'Aisle']","[69, 73, 26, 79, 59, 91]",0.3614457831325301
2021-05-02 03:32:39.597860,OLDUSER1,1965-08-08,Oxford,UK,['Grand Voyageur'],"['Paypal', 'Google Wallet', 'Mastercard', 'Visa', 'Apple Wallet']","['Pregnant woman', 'Persons with impairments in their members / users of temporary wheelchair']","['Metro', 'Airline', 'Bus', 'Cable Way', 'Park', 'Taxi', 'Coach', 'Toll', 'Urban', 'Ship', 'Car Sharing', 'Intercity', 'Tram']","[0.5, 0.0, 4.5, 0.0, 2.5, 5.0, 4.5, 0.0, 5.0, 1.5]",First Class,Aisle,Automatic refund,2021051203043910,7,Business,Dublin,Milan,"['Paris', 'London', 'Frankfurt', 'Milan', 'Oxford', 'Crok']",2022-10-20 21:49,2022-11-02 08:53,"['Local type', 'Water transport', 'Telecabin']",Unlimited,At least 45 min,500m,Slow,7500m,Fast,Fast,0.7242,0.609,0.526,0.7595,0.7989,0.1242,0.1387,0.7631,0.7533,0.9576,0.2147,"['Airline', 'Car Sharing', 'Car Sharing', 'Train', 'Metro', 'Bike Sharing', 'Car Sharing']","['VBB', 'VBB', 'Trenitalia', 'KLM', 'FlixBus', 'SNFC', 'KLM']","['Aisle', 'Large', 'Large', 'Aisle', 'Large', 'Window', 'Aisle']","[62, 43, 97, 33, 65, 12, 69]",0.3614457831325301
2021-05-02 03:32:39.597860,OLDUSER1,1965-08-08,Oxford,UK,['Grand Voyageur'],"['Paypal', 'Google Wallet', 'Mastercard', 'Visa', 'Apple Wallet']","['Pregnant woman', 'Persons with impairments in their members / users of temporary wheelchair']","['Metro', 'Airline', 'Bus', 'Cable Way', 'Park', 'Taxi', 'Coach', 'Toll', 'Urban', 'Ship', 'Car Sharing', 'Intercity', 'Tram']","[0.5, 0.0, 4.5, 0.0, 2.5, 5.0, 4.5, 0.0, 5.0, 1.5]",First Class,Aisle,Automatic refund,202105120304392,9,Business,Dublin,Milan,"['Bruxelle', 'Paris', 'Dublin', 'Crok', 'London', 'Madrid', 'Barcelona', 'Lisbon']",2022-10-20 21:49,2022-11-02 08:53,"['Local type', 'Water transport', 'Telecabin']",Max 3,At least 15 min,1000m,Slow,19500m,Fast,Fast,0.68,0.3497,0.2627,0.6084,0.4234,0.5005,0.3422,0.7240000000000001,0.7871,0.9252,0.3662,"['Metro', 'Metro', 'Other', 'Ship', 'Other', 'Park', 'Coach', 'Trolely Bus', 'Funicular']","['TMB', 'Trenitalia', 'TMB', 'Trenitalia', 'FlixBus', 'SNFC', 'Renfe', 'RegioJet', 'SNFC']","['Window', 'Large', 'Aisle', 'Aisle', 'Window', 'Aisle', 'Aisle', 'Window', 'Window']","[78, 37, 88, 69, 44, 68, 82, 63, 51]",0.3614457831325301
2021-05-02 03:32:39.597860,OLDUSER1,1965-08-08,Oxford,UK,['Grand Voyageur'],"['Paypal', 'Google Wallet', 'Mastercard', 'Visa', 'Apple Wallet']","['Pregnant woman', 'Persons with impairments in their members / users of temporary wheelchair']","['Metro', 'Airline', 'Bus', 'Cable Way', 'Park', 'Taxi', 'Coach', 'Toll', 'Urban', 'Ship', 'Car Sharing', 'Intercity', 'Tram']","[0.5, 0.0, 4.5, 0.0, 2.5, 5.0, 4.5, 0.0, 5.0, 1.5]",First Class,Aisle,Automatic refund,2021051203043923,5,Business,Dublin,Milan,"['London', 'Kraków', 'Bruxelle', 'Rome']",2022-10-20 21:49,2022-11-02 08:53,"['Local type', 'Water transport', 'Telecabin']",Max 1,At least 20 min,4500m,Slow,13000m,Fast,Fast,0.9021,0.5407,0.6057,0.6725,0.6102,0.2898,0.737,0.5295,0.1239,0.7264,0.5121,"['Bike Sharing', 'Ship', 'Tram', 'Taxi', 'Airline']","['VBB', 'Trenitalia', 'RegioJet', 'Iberia', 'TMB']","['Large', 'Large', 'Aisle', 'Aisle', 'Aisle']","[26, 49, 79, 15, 23]",0.3493975903614458
2021-05-02 03:32:39.597860,OLDUSER1,1965-08-08,Oxford,UK,['Grand Voyageur'],"['Paypal', 'Google Wallet', 'Mastercard', 'Visa', 'Apple Wallet']","['Pregnant woman', 'Persons with impairments in their members / users of temporary wheelchair']","['Metro', 'Airline', 'Bus', 'Cable Way', 'Park', 'Taxi', 'Coach', 'Toll', 'Urban', 'Ship', 'Car Sharing', 'Intercity', 'Tram']","[0.5, 0.0, 4.5, 0.0, 2.5, 5.0, 4.5, 0.0, 5.0, 1.5]",First Class,Aisle,Automatic refund,2021051203043928,5,Business,Dublin,Milan,"['Kraków', 'Berlin', 'Brugge', 'Lisbon']",2022-10-20 21:49,2022-11-02 08:53,"['Local type', 'Water transport', 'Telecabin']",Max 3,normal,3500m,Slow,10500m,Fast,Fast,0.6701,0.852,0.5949,0.0682,0.7896,0.18,0.4344,0.073,0.8831,0.7859,0.9643,"['Park', 'Taxi', 'Metro', 'Airline', 'Funicular']","['VBB', 'AirFrance', 'Iberia', 'Trenitalia', 'SNFC']","['Large', 'Aisle', 'Large', 'Aisle', 'Window']","[74, 46, 87, 32, 97]",0.3493975903614458
2021-05-02 03:32:39.597860,OLDUSER1,1965-08-08,Oxford,UK,['Grand Voyageur'],"['Paypal', 'Google Wallet', 'Mastercard', 'Visa', 'Apple Wallet']","['Pregnant woman', 'Persons with impairments in their members / users of temporary wheelchair']","['Metro', 'Airline', 'Bus', 'Cable Way', 'Park', 'Taxi', 'Coach', 'Toll', 'Urban', 'Ship', 'Car Sharing', 'Intercity', 'Tram']","[0.5, 0.0, 4.5, 0.0, 2.5, 5.0, 4.5, 0.0, 5.0, 1.5]",First Class,Aisle,Automatic refund,2021051203043915,3,Business,Dublin,Milan,"['Rome', 'London']",2022-10-20 21:49,2022-11-02 08:53,"['Local type', 'Water transport', 'Telecabin']",None,At least 40 min,4500m,Slow,2500m,Fast,Fast,0.8389,0.2392,0.2989,0.5433,0.7962,0.6729,0.1089,0.7588,0.789,0.0176,0.5349,"['Urban', 'Park', 'Metro']","['VBB', 'VBB', 'VBB']","['Window', 'Large', 'Aisle']","[73, 43, 50]",0.3373493975903614
2021-05-02 03:32:39.597860,OLDUSER1,1965-08-08,Oxford,UK,['Grand Voyageur'],"['Paypal', 'Google Wallet', 'Mastercard', 'Visa', 'Apple Wallet']","['Pregnant woman', 'Persons with impairments in their members / users of temporary wheelchair']","['Metro', 'Airline', 'Bus', 'Cable Way', 'Park', 'Taxi', 'Coach', 'Toll', 'Urban', 'Ship', 'Car Sharing', 'Intercity', 'Tram']","[0.5, 0.0, 4.5, 0.0, 2.5, 5.0, 4.5, 0.0, 5.0, 1.5]",First Class,Aisle,Automatic refund,2021051203043911,2,Business,Dublin,Milan,['Madrid'],2022-10-20 21:49,2022-11-02 08:53,"['Local type', 'Water transport', 'Telecabin']",Max 4,normal,2000m,Slow,7500m,Fast,Fast,0.6228,0.8381,0.2861,0.2265,0.8011,0.4041,0.23600000000000002,0.461,0.9117,0.2009,0.9003,"['Coach', 'Ship']","['FlixBus', 'VBB']","['Window', 'Aisle']","[92, 97]",0.3373493975903614
2021-05-02 03:32:39.597860,OLDUSER1,1965-08-08,Oxford,UK,['Grand Voyageur'],"['Paypal', 'Google Wallet', 'Mastercard', 'Visa', 'Apple Wallet']","['Pregnant woman', 'Persons with impairments in their members / users of temporary wheelchair']","['Metro', 'Airline', 'Bus', 'Cable Way', 'Park', 'Taxi', 'Coach', 'Toll', 'Urban', 'Ship', 'Car Sharing', 'Intercity', 'Tram']","[0.5, 0.0, 4.5, 0.0, 2.5, 5.0, 4.5, 0.0, 5.0, 1.5]",First Class,Aisle,Automatic refund,202105120304396,4,Business,Dublin,Milan,"['Bruxelle', 'Milan', 'Warsaw']",2022-10-20 21:49,2022-11-02 08:53,"['Local type', 'Water transport', 'Telecabin']",None,At least 20 min,1000m,Slow,3000m,Fast,Fast,0.27699999999999997,0.9634,0.8075,0.9101,0.7066,0.0845,0.4241,0.925,0.7388,0.2412,0.7534,"['Train', 'Tram', 'Taxi', 'Funicular']","['FlixBus', 'FlixBus', 'FlixBus', 'Renfe']","['Aisle', 'Aisle', 'Window', 'Large']","[48, 55, 60, 67]",0.3253012048192771
2021-05-02 03:32:39.597860,OLDUSER1,1965-08-08,Oxford,UK,['Grand Voyageur'],"['Paypal', 'Google Wallet', 'Mastercard', 'Visa', 'Apple Wallet']","['Pregnant woman', 'Persons with impairments in their members / users of temporary wheelchair']","['Metro', 'Airline', 'Bus', 'Cable Way', 'Park', 'Taxi', 'Coach', 'Toll', 'Urban', 'Ship', 'Car Sharing', 'Intercity', 'Tram']","[0.5, 0.0, 4.5, 0.0, 2.5, 5.0, 4.5, 0.0, 5.0, 1.5]",First Class,Aisle,Automatic refund,2021051203043935,3,Business,Dublin,Milan,"['Rome', 'Paris']",2022-10-20 21:49,2022-11-02 08:53,"['Local type', 'Water transport', 'Telecabin']",Max 4,At least 15 min,2000m,Slow,13000m,Fast,Fast,0.6362,0.6107,0.5766,0.0693,0.733,0.7725,0.1797,0.1237,0.2954,0.7422,0.0913,"['Taxi', 'Cable Way', 'Metro']","['TMB', 'Renfe', 'FlixBus']","['Window', 'Window', 'Large']","[26, 98, 24]",0.3132530120481928
